{
    "path": "$OET_PATH/testcases/system-test/system-integration/os-basic",
    "machine type": "kvm",
    "add network interface": 2,
    "add disk": [
        2,
        2,
        2,
        2
    ],
    "machine num": 2,
    "cases": [
        {
            "name": "oe_test_who"
        },
        {
            "name": "oe_test_tail"
        },
        {
            "name": "oe_test_awk"
        },
        {
            "name": "oe_test_versioninfo"
        },
        {
            "name": "oe_test_uname"
        },
        {
            "name": "oe_test_timedatectl"
        },
        {
            "name": "oe_test_system_monitor_reboot",
            "machine num": 2
        },
        {
            "name": "oe_test_system_monitor_process"
        },
        {
            "name": "oe_test_system_monitor_login",
            "machine num": 2
        },
        {
            "name": "oe_test_system_log_view"
        },
        {
            "name": "oe_test_system_log_security"
        },
        {
            "name": "oe_test_system_log_recorded"
        },
        {
            "name": "oe_test_system_log_process"
        },
        {
            "name": "oe_test_system_log_dmesg"
        },
        {
            "name": "oe_test_system_log_device"
        },
        {
            "name": "oe_test_system_log_basic"
        },
        {
            "name": "oe_test_server_vsftpd_transfer",
            "machine num": 2
        },
        {
            "name": "oe_test_server_vsftpd_restart"
        },
        {
            "name": "oe_test_server_vsftpd_NKdelay",
            "machine num": 2
        },
        {
            "name": "oe_test_server_squid_proxy"
        },
        {
            "name": "oe_test_server_squid_ip"
        },
        {
            "name": "oe_test_server_squid_blacklist"
        },
        {
            "name": "oe_test_server_postgresql"
        },
        {
            "name": "oe_test_server_openssh_verifykey"
        },
        {
            "name": "oe_test_server_openssh_secure"
        },
        {
            "name": "oe_test_server_openssh_restart"
        },
        {
            "name": "oe_test_server_openssh_key",
            "machine num": 2
        },
        {
            "name": "oe_test_server_mysql"
        },
        {
            "name": "oe_test_server_mariadb_stop"
        },
        {
            "name": "oe_test_server_mariadb_onlinebackup"
        },
        {
            "name": "oe_test_server_mariadb_loadfile"
        },
        {
            "name": "oe_test_server_mariadb_compatibilty",
            "machine num": 2
        },
        {
            "name": "oe_test_server_mariadb_dumpMulDB"
        },
        {
            "name": "oe_test_server_mariadb_dump"
        },
        {
            "name": "oe_test_server_mariadb_copy"
        },
        {
            "name": "oe_test_server_mariadb_backuptable"
        },
        {
            "name": "oe_test_server_mariadb_backupDB"
        },
        {
            "name": "oe_test_server_mariadb_backup"
        },
        {
            "name": "oe_test_server_httpd_tls"
        },
        {
            "name": "oe_test_server_httpd_restart"
        },
        {
            "name": "oe_test_server_httpd_recover"
        },
        {
            "name": "oe_test_server_httpd_port"
        },
        {
            "name": "oe_test_server_httpd_checkfirewall"
        },
        {
            "name": "oe_test_server_git_install"
        },
        {
            "name": "oe_test_reboot",
            "machine num": 2
        },
        {
            "name": "oe_test_power_powertop_startup"
        },
        {
            "name": "oe_test_power_powertop_powerup"
        },
        {
            "name": "oe_test_power_powertop_calibrate"
        },
        {
            "name": "oe_test_power_powertop2tuned_optimize"
        },
        {
            "name": "oe_test_power_output_HTML"
        },
        {
            "name": "oe_test_power_measurement_internal"
        },
        {
            "name": "oe_test_performance_monitor_pcp"
        },
        {
            "name": "oe_test_password_change"
        },
        {
            "name": "oe_test_password_blank"
        },
        {
            "name": "oe_test_nmcli_vlan",
            "add network interface": 2
        },
        {
            "name": "oe_test_nmcli_systemd_resolved",
            "add network interface": 2
        },
        {
            "name": "oe_test_nmcli_route",
            "add network interface": 2
        },
        {
            "name": "oe_test_nmcli_macsec",
            "add network interface": 2
        },
        {
            "name": "oe_test_nmcli_general",
            "add network interface": 2
        },
        {
            "name": "oe_test_nmcli_device",
            "add network interface": 2
        },
        {
            "name": "oe_test_nmcli_config_gw",
            "add network interface": 2
        },
        {
            "name": "oe_test_nmcli_config_connect",
            "add network interface": 2
        },
        {
            "name": "oe_test_nmcli_con_reload",
            "add network interface": 2
        },
        {
            "name": "oe_test_nmcli_cancel_auto",
            "add network interface": 2
        },
        {
            "name": "oe_test_nmcli_bridge",
            "add network interface": 2
        },
        {
            "name": "oe_test_nmcli_add_connect",
            "add network interface": 2
        },
        {
            "name": "oe_test_nmcli_Mgntconnect",
            "add network interface": 2
        },
        {
            "name": "oe_test_nmcli_8023link",
            "add network interface": 2
        },
        {
            "name": "oe_test_USBinfo"
        },
        {
            "name": "oe_test_ProcMgmt_vmstat"
        },
        {
            "name": "oe_test_ProcMgmt_top"
        },
        {
            "name": "oe_test_ProcMgmt_start_kill"
        },
        {
            "name": "oe_test_ProcMgmt_sar"
        },
        {
            "name": "oe_test_ProcMgmt_ps"
        },
        {
            "name": "oe_test_ProcMgmt_pgrep"
        },
        {
            "name": "oe_test_ProcMgmt_iostat"
        },
        {
            "name": "oe_test_ProcMgmt_crontab_cronfile"
        },
        {
            "name": "oe_test_ProcMgmt_crontab_cmd"
        },
        {
            "name": "oe_test_ProcMgmt_at"
        },
        {
            "name": "oe_test_disk_tuned_set",
            "add disk": [
                2,
                2,
                2,
                2
            ]
        },
        {
            "name": "oe_test_disk_schedule_specific",
            "add disk": [
                2,
                2,
                2,
                2
            ]
        },
        {
            "name": "oe_test_disk_schedule_udev",
            "add disk": [
                2,
                2,
                2,
                2
            ]
        },
        {
            "name": "oe_test_disk_tuned_new",
            "add disk": [
                2,
                2,
                2,
                2
            ]
        },
        {
            "name": "oe_test_disk_tuned_install",
            "add disk": [
                2,
                2,
                2,
                2
            ]
        },
        {
            "name": "oe_test_date"
        },
        {
            "name": "oe_test_cmd_su_user"
        },
        {
            "name": "oe_test_disk_tuned_modify",
            "add disk": [
                2,
                2,
                2,
                2
            ]
        },
        {
            "name": "oe_test_disk_tuned_disable",
            "add disk": [
                2,
                2,
                2,
                2
            ]
        },
        {
            "name": "oe_test_ethtool",
            "add network interface": 2
        },
        {
            "name": "oe_test_basic_create_group"
        },
        {
            "name": "oe_test_basic_modify_group"
        },
        {
            "name": "oe_test_basic_modify_user"
        },
        {
            "name": "oe_test_chrony_chronyc_cmd"
        },
        {
            "name": "oe_test_chrony_chronyc_hardwaretime"
        },
        {
            "name": "oe_test_chrony_chronyc_ntpstat"
        },
        {
            "name": "oe_test_chrony_chronyd"
        },
        {
            "name": "oe_test_chrony_Manuall"
        },
        {
            "name": "oe_test_cmd_id"
        },
        {
            "name": "oe_test_cmd_sudo"
        },
        {
            "name": "oe_test_hwclock"
        },
        {
            "name": "oe_test_IOaccess_500Mfile"
        },
        {
            "name": "oe_test_group_access"
        },
        {
            "name": "oe_test_kernel_sysctl"
        },
        {
            "name": "oe_test_hostnamectl",
            "machine num": 2
        },
        {
            "name": "oe_test_kernel_kdump"
        },
        {
            "name": "oe_test_IOaccess_100Mfile"
        },
        {
            "name": "oe_test_IOaccess_1Gfile"
        },
        {
            "name": "oe_test_kernel_module_operation"
        },
        {
            "name": "oe_test_kernel_cgroup"
        },
        {
            "name": "oe_test_home_directory"
        },
        {
            "name": "oe_test_groupdel"
        },
        {
            "name": "oe_test_net_IPVLAN",
            "add network interface": 2
        },
        {
            "name": "oe_test_net_setmode",
            "add network interface": 2
        },
        {
            "name": "oe_test_net_scriprts",
            "add network interface": 2
        },
        {
            "name": "oe_test_net_cmd_ifconfig",
            "add network interface": 2
        },
        {
            "name": "oe_test_net_VRF",
            "add network interface": 2
        },
        {
            "name": "oe_test_localectl"
        },
        {
            "name": "oe_test_man"
        },
        {
            "name": "oe_test_net_cmd_scp",
            "machine num": 2,
            "add network interface": 2
        },
        {
            "name": "oe_test_net_cmd_ping",
            "add network interface": 2
        },
        {
            "name": "oe_test_net_conninfo_lsof",
            "add network interface": 2
        },
        {
            "name": "oe_test_net_config",
            "machine num": 2,
            "add network interface": 2
        },
        {
            "name": "oe_test_net_cmd_telnet",
            "machine num": 2,
            "add network interface": 2
        },
        {
            "name": "oe_test_net_ncat",
            "machine num": 2,
            "add network interface": 2
        },
        {
            "name": "oe_test_nmcli_set_bond"
        },
        {
            "name": "oe_test_basic_UserMgmt_permission"
        },
        {
            "name": "oe_test_system_monitor_share_total"
        },
        {
            "name": "oe_test_disk_graphics_card"
        },
        {
            "name": "oe_test_nmcli_set_team"
        },
        {
            "name": "oe_test_basic_set_account_expiration_time"
        },
        {
            "name": "oe_test_basic_set_permissions"
        },
        {
            "name": "oe_test_patch"
        },
        {
            "name": "oe_test_exiv2"
        },
        {
            "name": "oe_test_json-c"
        },
        {
            "name": "oe_test_whoami"
        },
        {
            "name": "oe_test_lz4"
        },
        {
            "name": "oe_test_zlib"
        },
        {
            "name": "oe_test_brotli"
        }
    ]
}
